Recipe ID,Nama Resep,Energi (kj),Energi (kkal),Lemak (g),Lemak Jenuh (g),Lemak Trans (g),Lemak tak Jenuh Ganda (g),Lemak tak Jenuh Tunggal (g),Kolesterol (mg),Protein (g),Karbohidrat (g),Serat (g),Gula (g),Sodium (mg),Kalium (mg),Kategori,Keywords,PrepTime,CookTime,Ingredients,Instructioons,Meal Category
1,Roti Pisang Oat,807,193,6.93,0.653,0.167,0.535,0.932,35.0,4.28,29.77,3.3,15.16,55.0,123.0,"""Makanan Penutup"",""Makanan Ringan"",""Makan Pagi"",""Roti & Produk Panggang""","""Ini sangat mudah dan lezat.""",10 menit,40 menit,"""2 besar telur"",""2 besar pisang"",""1 tsp baking powder (sodium aluminum sulfate"",""double acting)"",""6 sdm honey"",""170 g quick cooking oatmeal"",""54 g roasted almond"",""100 g choco chips""","""Panaskan oven terlebih dahulu pada suhu 170°C."",""Hancurkan pisang"",""campur dengan telur dan madu."",""Giling oatmeal dan campur dengan baking powder."",""Aduk bahan basah dan kering hingga rata"",""tambahkan coklat keping tapi sisakan sedikit untuk topping."",""Tuang ke dalam loyang dan taburi dengan sisa choco chips dan almond. Panggang selama 40 menit atau sampai matang.""",sarapan
2,Donat,444,106,1.73,0.634,0.0,0.205,0.528,43.0,3.7,19.3,0.1,3.46,0.01,26.0,"""Makan Pagi"",""Makanan Penutup"",""Makanan Ringan"",""Roti & Produk Panggang""","""Sederhana"",""lembut dan mudah dibuat.""",20 menit,15 menit,"""3 gram ragi"",""40 gram kuning telur"",""30 gram gula pasir"",""130 ml susu uht full cream"",""15 g susu"",""250 g tepung terigu cakra kembar""","""Campur semua bahan kering."",""Tambahkan semua bahan basah dan uleni hingga halus."",""Diamkan hingga ukurannya dua kali lipat."",""Bentuk adonan dan goreng hingga berwarna cokelat keemasan.""",sarapan
3,Muffin Oat Pisang,571,136,2.98,0.593,0.0,0.714,0.001203,37.0,4.02,23.62,2.5,5.93,295.0,138.0,"""Roti & Produk Panggang"",""Makanan Penutup"",""Makanan Ringan"",""Makan Pagi""","""Enak dan sedikit manis"",""cocok untuk camilan atau sarapan.""",10 menit,25 menit,"""1 sedang telur"",""1 sdt ekstrak vanila"",""154 gram pisang"",""5 gram baking soda"",""6 gram madu"",""100 g quick cooking oatmeal"",""50 g squeeze yoghurt""","""Masukan semua bahan pada blender."",""Setelah tercampur"",""bagi adonan ke dalam cetakan."",""Panggang dengan suhu 175°C selama 25 menit.""",sarapan
4,Banana Bread Oats,1032,247,8.53,0.001231,0.0,0.001202,0.00224,106.0,8.84,32.96,4.4,7.64,76.0,142.0,"""Makanan Penutup"",""Roti & Produk Panggang"",""Makan Pagi"",""Makanan Ringan""","""Kue pisang cup""",15 menit,15 menit,"""2 besar telur"",""1 sdt kayu manis"",""115 g banana"",""120 g instant oatmeal grain"",""120 ml almond breeze vanilla"",""10 g baking powder"",""13 g 1/3 pb original"",""20 g fineza chocolate button""","""Panaskan oven/airfryer dengan suhu 160°C selama 10 menit."",""Sementara itu"",""campurkan semua bahan dalam blender"",""kecuali coklat kancing."",""Blender adonan hingga halus. Tuang ke dalam cangkir aluminium dan hiasi tombol cokelat di atasnya."",""Panggang adonan dengan suhu 160°C selama 15 menit.""",sarapan
5,Bilah Energi Oatmeal Cokelat,386,92,3.61,0.552,0.0,0.674,0.572,0.0,2.06,13.29,0.0,7.44,26.0,71.0,"""Makanan Penutup"",""Makanan Ringan""","""Enak"",""kenyal"",""dan mudah dibuat.""",30 menit,.,"""25 gram biji bunga matahari (yang) dikuliti sangrai kering"",""60 gram kurma"",""40 gram kismis (tanpa biji)"",""20 gram kacang almond panggang kering (tanpa tambahan garam)"",""20 g choco chips"",""60 g selai kacang"",""150 g oatmeal"",""100 g madu tj murni""","""Sangrai oatmeal sampai kecoklatan. Dinginkan sampai suhu ruang."",""Cincang kurma dengan halus."",""Campur semua bahan dalam satu wadah menggunakan spatula."",""Pindahkan pada wadah"",""padatkan"",""tutup rapat. Simpan pada frezer minimal 30 menit."",""Potong menjadi batangan.""",sarapan
8,Kue Gandum Pisang,433,103,1.93,0.429,0.0,0.00052,0.684,31.0,3.18,19.26,1.5,5.35,12.0,102.0,"""Roti & Produk Panggang"",""Makan Pagi"",""Makanan Ringan""","""Sarapan panggang sederhana dan cepat.""",30 menit,30 menit,"""30 gram susu"",""1 ekstra besar telur"",""175 gram pisang"",""1 sdm madu"",""50 gram tepung terigu putih (semua keperluan)"",""10 g bubuk pengembang"",""80 g gulungan gandum""","""Kupas dan haluskan pisang. Campur dengan telur"",""susu"",""dan madu."",""Tambahkan bahan kering dan aduk rata."",""Pindahkan ke loyang dan masak dalam oven dengan suhu 180°C selama 30 menit."",""Biarkan dingin"",""buka cetakannya"",""dan potong-potong.""",sarapan
9,Gandum dengan Buah,1050,251,3.8,0.0015249999999999,0.085,0.0,0.00075,5.0,4.57,50.22,4.4,21.3,16.0,96.0,"""Makan Pagi"",""Makanan Ringan""","""Sarapan cepat dan enak.""",10 menit,10 menit,"""1 sdm madu"",""1 gelas yogurt stroberi"",""3 sdm gandum"",""100 g buah naga"",""100 g apel""","""Masak gandum dengan air sesuai kemasan."",""Pindahkan ke mangkuk lalu tambahkan yogurt."",""Iris buah dan tambahkan ke mangkuk. Gerimis dengan madu.""",sarapan
10,Sandwich Telur Dadar,1280,306,11.59,0.004111,0.0,0.001451,0.003107,217.0,13.63,36.48,7.6,5.77,435.0,373.0,"""Makan Pagi"",""Makanan Ringan""","""Sarapan atau snack menggunakan 4 bahan.""",15 menit,.,"""1 daun sedang selada"",""1 besar telur dadar"",""1 utuh sedang tomat merah"",""1 lembar roti tawar gandum""","""Panggang roti dalam wajan antilengket selama satu menit di setiap sisi."",""Atur telur dadar dan sayuran di dalam roti."",""Iris dan sajikan.""",sarapan
11,Banana Oats Coklat,1316,314,10.7,0.004977,0.0001,0.498,0.002488,0.14,12.27,45.52,6.4,11.6,728.0,584.0,"""Roti & Produk Panggang"",""Makanan Penutup"",""Makanan Ringan"",""Makan Pagi""","""Camilan lezat"",""lembab"",""dan kaya serat.""",10 menit,20 menit,"""61 gram telur"",""1 sdt ekstrak vanila"",""157 gram pisang"",""1 sdt baking soda"",""11 gram kakao bubuk (tanpa gula)"",""6 g unsalted butter"",""49 g oat"",""200 ml susu uht low fat"",""6 g choco chips""","""Haluskan pisang."",""Tambahkan oat"",""coklat bubuk"",""vanilla"",""dan baking soda"",""lalu aduk."",""Setelah adonan tercampur rata"",""masukkan susu"",""telur dan mentega cair."",""Tuang ke dalam cetakan yang dialasi kertas roti dan taburi choco chips."",""Panggang dengan suhu 180°C selama 20 menit.""",sarapan
12,Wafel,967,231,11.32,0.007194,0.0004,0.218,0.475,49.0,4.78,26.41,0.6,4.71,0.26,106.0,"""Makanan Ringan"",""Makan Pagi""","""Sarapan atau camilan enak.""",10 menit,20 menit,"""240 ml susu"",""1/2 besar telur"",""120 gram tepung putih"",""1/2 sdt garam"",""1/2 sdt ekstrak vanila"",""10 gram gula pasir"",""60 g mentega tawar"",""20 g tepung pati jagung"",""2 g bubuk pengembang""","""Hangatkan susu tapi tidak mendidih"",""tambahkan butter"",""aduk hingga butter meleleh"",""sisihkan."",""Campur bahan kering jadi satu."",""Tambahkan telur ke dalam susu lalu masukkan ekstrak vanili."",""Campur semuanya sampai halus. Diamkan selama 15 menit."",""Masak dalam waffle iron hingga berwarna keemasan."",""Sajikan dengan buah atau topping yang Anda inginkan.""",sarapan
15,Kue Oat Pisang,638,153,4.96,0.813,0.0,0.748,0.001743,39.0,4.04,23.24,2.7,4.9,31.0,75.0,"""Roti & Produk Panggang"",""Makanan Penutup"",""Makanan Ringan"",""Makan Pagi""","""Camilan lembab"",""sehat dan lezat.""",15 menit,30 menit,"""100 g telur"",""1 porsi minyak nabati"",""250 g oat"",""45 ml low fat milk"",""30 g choco chips"",""200 gram pisang raja""","""Haluskan pisang raja."",""Tambahkan telur"",""minyak"",""dan susu. Campur dengan baik."",""Tambahkan oat giling dan 15g keping cokelat"",""lalu aduk rata."",""Tuang adunan ke dalam acuan dan hiaskan baki choco chips. Bakar selama kira-kira 30 minit pada suhu 150°C."",""Biarkan dingin lalu iris.""",sarapan
16,Kue Pisang Kukus,759,181,9.44,0.003894,0.238,0.595,0.659,14.0,4.32,21.89,3.7,10.98,71.0,114.0,"""Makanan Ringan"",""Makanan Penutup"",""Makan Pagi""","""Cemilan yang simple"",""sehat dan mudah dibuat.""",15 menit,25 menit,"""170 gram putih telur"",""270 gram pisang"",""10 gram chia seed"",""5 gram kacang almond"",""1 sdt"",""bongkahan gula merah"",""75 g salted butter"",""120 g oatmeal rolled oats"",""75 g palm sugar"",""60 g dark chocolate chips"",""27 g susu""","""Kocok putih telur dengan 2 gula."",""Masukkan pisang lecek"",""oat"",""dan biji chia."",""Tambahkan mentega cair dan susu. Campur dengan baik."",""Tempatkan ke dalam cetakan dan hiasi dengan keping cokelat dan almond cincang. Kukus selama 25 menit.""",sarapan
19,Tahu Dihancurkan dengan Telur Orak Arik,651,156,11.34,0.003326,0.0,0.003615,0.003106,116.0,8.91,6.43,1.6,1.55,48.0,221.0,"""Makan Pagi"",""Makan Siang""","""Hidangan untuk makan siang dengan s rendah.""",10 menit,20 menit,"""110 gram telur"",""16 gram cabai merah atau rawit"",""10 gram bawang putih"",""30 gram daun bawang"",""2 sdm minyak goreng"",""232 gram tahu"",""35 gram bawang bombay""","""Tuangkan minyak"",""kemudian tumis bawang putih"",""bawang bombay"",""dan rawit."",""Setelah berwarna sedikit kecoklatan"",""masukkan telur dan diorak arik."",""Tambahkan tahu dan hancurkan. Tuangkan air secukupnya."",""Bumbui sesuai selera."",""Masukkan bawang daun dan sajikan.""",sarapan
22,Nasi Goreng Sayuran,1741,416,8.87,0.00216,0.0,0.002497,0.002968,228.0,15.58,70.19,0.0,6.68,943.0,912.0,"""Makan Pagi"",""Makan Siang"",""Hidangan Utama"",""Lauk Pauk""","""Hidangan yang mengenyangkan"",""sarat dengan nutrisi.""",10 menit,10 menit,"""1 besar telur"",""1 mangkok"",""masak nasi putih"",""100 gram wortel"",""100 gram selada kol"",""1 sdm sambal goreng"",""100 gram sawi hijau""","""Dalam wajan antilengket"",""kocok telur."",""Tambahkan nasi dan saus sambal. Mengaduk."",""Masukkan sayuran dan aduk rata."",""Bumbui sesuai selera.""",sarapan
24,Roti Pisang Havermut,971,232,5.86,0.001722,0.0,0.815,0.001616,106.0,7.3,39.64,4.2,17.62,456.0,256.0,"""Roti & Produk Panggang"",""Makanan Ringan"",""Makan Pagi""","""Camilan panggang yang manis dan lembab.""",20 menit,20 menit,"""50 g telur"",""1 sejumput garam"",""1/2 sdt ekstrak vanila"",""120 gram pisang"",""1/2 sdt baking soda"",""1 sdm madu"",""30 g havermut instan"",""20 g cokelat hitam & granola almond""","""Hancurkan pisang dan campur dengan telur"",""vanila"",""dan madu."",""Tambahkan oatmeal"",""garam"",""dan soda kue."",""Tuang ke dalam cetakan roti dan taburi dengan granola."",""Panggang dalam oven dengan suhu 180°C selama 20 menit atau hingga adonan tidak lengket lagi."",""Biarkan dingin sebelum membuka cetakan dan mengiris.""",sarapan
25,Goreng Labu dengan Jagung,507,121,3.93,0.656,0.0,0.276,0.411,35.0,3.82,19.07,0.0,1.24,16.0,148.0,"""Makan Siang"",""Makan Pagi"",""Makanan Ringan"",""Lauk Pauk""","""Sarapan atau camilan rendah gula.""",20 menit,15 menit,"""1 besar telur"",""1 gelas jagung"",""1 sdt bawang putih bubuk"",""1 sdt"",""tumbuk oregano"",""1 sejumput lada hitam"",""100 gram labu"",""1 sdm minyak zaitun extra virgin"",""100 g tepung terigu""","""Potong dadu labu"",""rebus dengan air hingga empuk"",""tiriskan."",""Campur dalam blender dengan bahan lain"",""kecuali tepung dan minyak."",""Masukkan tepung dan aduk hingga rata."",""Masak dalam wajan dengan minyak sampai berwarna keemasan dan kencang.""",sarapan
26,Roti Pisang dan Keju,1172,280,8.75,0.0055,0.0,0.0,0.0,0.0,0.0,41.5,4.0,5.0,495.0,0.0,"""Roti & Produk Panggang"",""Makanan Ringan"",""Makan Pagi""","""Camilan mudah disiapkan dengan 3 bahan.""",10 menit,5 menit,"""100 g pisang"",""30 g keju quick leleh"",""1 lembar roti tawar gandum""","""Iris pisang dan parut keju."",""Susun di atas roti."",""Masak dalam penggorengan udara pada suhu 190°C selama 5 menit.""",sarapan
27,Pancake Protein Oat,362,86,1.62,0.638,0.0,0.00017,0.476,68.0,8.57,8.3,2.8,0.84,38.0,17.0,"""Makanan Ringan"",""Makan Pagi""","""Sarapan atau makanan ringan tanpa tambahan gula.""",10 menit,5 menit,"""1 besar telur"",""1/2 gelas air"",""35 g oat gulung biasa"",""2 ml pemanis"",""1 sendok air dadih coklat"",""3 g bubuk pengembang""","""Giling oat hingga menjadi bubuk lalu campurkan dengan bahan kering lainnya."",""Campur semuanya sampai halus."",""Masak dalam wajan antilengket sampai keras di kedua sisi.""",sarapan
28,Brownies Oatmeal,689,165,5.4,0.00183,0.0,0.001502,0.0012829999999999,47.0,4.4,26.59,3.4,12.2,178.0,216.0,"""Makanan Penutup"",""Makanan Ringan"",""Makan Pagi""","""Makanan penutup yang manis"",""kaya"",""dan sehat.""",20 menit,15 menit,"""1 sedang telur"",""2 kecil pisang"",""1/2 sdt baking soda"",""4 sdt gula pasir"",""1 sdm minyak goreng"",""44 g instant oatmeal"",""9 g cocoa powder"",""58 ml susu uht kids cokelat"",""4 g baking powder""","""Giling oatmeal dalam blender. Menyisihkan."",""Tumbuk pisang."",""Campurkan semua bahan dengan baik."",""Masukkan adunan ke dalam acuan dan kukus selama 15 minit."",""Biarkan ia sejuk"",""buang acuan dan potong.""",sarapan
30,"Salad Sayur dengan Ayam, Tahu, dan Tempe",816,195,9.88,0.001746,0.0,0.002316,0.002878,28.0,18.78,9.58,0.0,3.9,136.0,514.0,"""Salad dan Salad Dressing"",""Makan Siang"",""Makanan Ringan""","""Hidangan sehat untuk makan siang.""",10 menit,20 menit,"""70 gram daging ayam (panggang"",""bakar"",""dimasak)"",""100 gram kubis"",""100 gram selada daun hijau"",""50 gram tempe"",""100 gram tahu"",""20 g saus salad pulau seribu""","""Potong-potong ayam"",""tahu"",""dan tempe. Masak dalam wajan antilengket sampai empuk."",""Masukkan semua bahan ke dalam mangkuk."",""Sajikan sampai segar.""",sarapan
31,Bihun dengan Sayuran,1013,242,3.85,0.054,0.0,0.00017,0.022,0.0,4.35,47.79,3.7,4.55,888.0,368.0,"""Makan Siang"",""Makan Pagi"",""Makanan Ringan""","""Hidangan sederhana"",""rendah kalori.""",10 menit,10 menit,"""60 gram carrots"",""60 gram broccoli (with salt"",""drained"",""cooked"",""boiled)"",""55 g bihun rasa ayam bawang""","""Masak mie sesuai petunjuk kemasan."",""Rebus sayuran selama 5 menit."",""Campur mie dan sayuran"",""bumbui sesuai keinginan"",""dan sajikan.""",sarapan
35,Smoothie Buah Naga dan Pisang,1172,280,3.48,0.001177,0.0,0.233,0.096,0.0,4.98,60.4,5.6,38.44,36.0,642.0,"""Makan Pagi"",""Makanan Ringan""","""Sarapan ringan"",""cepat"",""dan tinggi serat.""",15 menit,.,"""2 sedang pisang"",""130 ml yakult"",""1 mangkok buah naga"",""20 g cinnamon & raisin"",""70 g squeeze yogurt peach""","""Potong pisang dan buah naga."",""Masukkan kesemuanya ke dalam pengisar dan kisar sehingga sebati."",""Tempatkan dalam mangkuk dan hiasi dengan granola dan buah sesuai keinginan. Nikmati sarapan Anda.""",sarapan
36,Bolu Oatmeal Pisang Cokelat,442,106,2.83,0.432,0.0,8e-05,0.381,18.0,2.96,18.69,2.9,6.24,469.0,117.0,"""Roti & Produk Panggang"",""Makan Pagi"",""Makanan Ringan""","""Pilihan sehat untuk menikmati sarapan Anda.""",15 menit,30 menit,"""50 gram egg"",""375 gram banana"",""10 g cocoa powder"",""150 g whole rolled oats"",""5 g coconut sugar"",""50 g choco chips"",""2.5 g baking powder""","""Haluskan pisang."",""Campur semua bahan."",""Panggang selama 30 menit pada suhu 170°C."",""Hasilnya jadi 2 loyang bisa dibagi 12 potong.""",sarapan
39,Oat Panekuk,228,54,1.87,0.588,0.0,0.336,0.681,42.0,2.44,7.1,0.6,1.23,18.0,33.0,"""Makan Pagi"",""Makanan Ringan"",""Makanan Penutup""","""Resep yang mudah"",""enak dan rendah kalori.""",10 menit,15 menit,"""1 besar telur"",""1/4 cangkir instant oatmeal"",""80 ml chocolate drink""","""Haluskan oatmeal hinggah tekstur menjadi tepung."",""Tambahkan sebutir telur dan aduk rata."",""Tambahkan chocolatos dan aduk."",""Masak di atas pan anti lengket hingga matang kedua sisinya.""",sarapan
41,Tumis Brokoli,329,79,0.52,0.067,0.0,0.00013,0.028,0.0,3.49,17.22,4.4,6.56,0.13,513.0,"""Lauk Pauk"",""Makan Siang"",""Makan Pagi""","""Yuk buat menu simple dari brokoli yg rendah lemak dan tanpa minyak!""",10 menit,15 menit,"""250 gram brokoli"",""160 gram wortel"",""3 siung bawang putih"",""1/2 sdt gula pasir"",""1 sejumput garam laut"",""2 kecil bawang merah"",""2.5 g kaldu jamur""","""Rebus wortel dan brokoli"",""tujuannya supaya empuk dan matang merata ketika ditumis."",""Tumis bawang merah dan bawang putih yang sudah dicincang pada teflon anti lengket tanpa menggunakan minyak masak."",""Setelah bumbu matang"",""masukkan wortel dan brokoli yang sudah direbus"",""aduk merata sambil ditambahkan gula"",""garam dan kaldu jamur."",""Tumis brokoli siap disajikan.""",sarapan
42,Omlete Tahu Telur,971,232,18.92,0.006129,0.0,0.003201,0.008397,212.0,14.26,2.48,0.3,0.81,2.405,185.0,"""Makan Pagi"",""Hidangan Utama""","""Sarapan yang mudah dan penuh protein.""",5 menit,10 menit,"""1 besar telur"",""1 sdt garam"",""100 gram tahu"",""1 sendok makan minyak goreng sawit""","""Hancurkan tahu dalam mangkuk."",""Kocok telur"",""campur dengan tahu dan bumbui dengan garam."",""Masukkan minyak ke dalam wajan."",""Goreng hingga matang.""",sarapan
44,Muesli Simple,1067,255,7.3,0.003657,0.0,0.001498,0.001709,0.01,6.96,42.21,5.8,13.76,58.0,0.15,"""Makan Pagi"",""Makanan Ringan""","""Tidak perlu dimasak!""",10 menit,.,"""100 ml susu (susu murni)"",""2 gram chia seed"",""50 g muesli dried fruit""","""Masukan susu dan muesli kedalam mangkok."",""Lalu masukan ke kulkas diamkan semalaman."",""Siap disantap pada pagi hari lalu taburi chia seed diatasnya."",""Bisa ditambahkan dengan buah buahan (opsional).""",sarapan
45,Jus Bokcoy,393,94,0.18,0.006,0.0,0.022,0.004,0.0,1.02,24.57,0.0,19.71,22.0,0.2,"""Makanan Penutup"",""Minuman"",""Makan Pagi""","""Jus hijau mudah.""",5 menit,.,"""1/2 fresh lime juice"",""3 sdt sugar"",""3 slices pineapple (extra sweet)"",""3 daun chinese cabbage (bok-choy"",""pak-choi)"",""700 ml water""","""Cuci buah dan sayur."",""Rendam bokcoy dalam air panas"",""sebentar saja."",""Blender semua bahan.""",sarapan
46,Jus,146,35,0.28,0.038,0.0,0.154,0.043,0.0,0.93,8.58,2.2,4.28,36.0,262.0,"""Makan Pagi"",""Minuman"",""Makanan Penutup""","""Jus ini merupakan sumber vitamin yang sangat baik.""",8 menit,.,"""1/4 iris lime"",""6 sedang strawberries"",""1 medium carrots"",""1 kecil utuh tomatoes"",""1.2 l air"",""1 sachet sweetener classic""","""Cuci dan potong buah dan sayur."",""Masukkan ke blender"",""campurkan dengan air dan pemanis"",""tambahkan air jeruk nipis."",""Blender hingga halus.""",sarapan
51,Banana Oat Cookies,503,120,2.06,0.288,0.0,0.525,0.764,0.0,2.57,25.29,3.6,9.91,0.0,172.0,"""Roti & Produk Panggang""","""Sehat dan enak!""",10 menit,30 menit,"""3 kurma"",""10 gram kismis"",""125 gram pisang"",""60 g havermout oatmeal instan"",""6 g choco chips""","""Lumatkan pisang sampai halus dengan garpu."",""Tambahkan oat dan bahan lainnya"",""campur sampai menyatu."",""Ambil sesendok campuran dan letakkan di airfryer / loyang"",""tekan ratakan dengan garpu."",""Panggang kue dengan suhu 160°C selama 30 menit."",""Angkat dan dinginkan. Siap disajikan.""",sarapan
53,Healthy Banana Oat Muffin,1922,459,12.23,0.678,0.0,0.446,0.634,0.04,14.1,78.65,3.1,41.11,0.47,662.0,"""Roti & Produk Panggang"",""Makan Pagi"",""Makanan Ringan""","""Kaya dan dekaden tapi tetap sehat!""",15 menit,25 menit,"""57 gram telur"",""1 gram garam"",""2 gram baking soda"",""75 gram oat"",""157 g banana"",""15 g cocoa powder"",""18 g coconut sugar"",""2 g kopi bubuk"",""2 g baking powder"",""2100 g squeeze yoghurt""","""Blender oats sampai jadi halus atau merupai tepung. Bisa pakai tepung lain."",""Campur tepung oats"",""cocoa powder"",""baking soda"",""baking powder"",""kopi instan"",""gula dan garam."",""Haluskan pisang lalu campurkan dengan telur dan yogurt."",""Campur adonan basah dengan adonan kering."",""Masukan adonan muffin ke cup/loyang yang sudah anda sediakan."",""Tambahkan topping pilihan anda sesuai selera."",""Panggang di oven 180°C sekitar 20 - 25 menit."",""Angkat dan dinginkan.""",sarapan
55,Tahu Telur,849,203,14.97,0.004138,0.0,0.0022229999999999,0.004398,212.0,14.7,3.7,0.5,0.96,2.413,252.0,"""Hidangan Utama"",""Makan Pagi"",""Makan Siang"",""Lauk Pauk""","""Hidangan tahu telur sempurna dengan jumlah bahan minimal.""",5 menit,10 menit,"""1 besar telur"",""1 siung bawang putih dimasak"",""1 sdt garam"",""10 gram bayam"",""2 gram bawang merah"",""100 gram tahu"",""2 ml minyak goreng""","""Hancurkan tahu."",""Iris kecil-kecil bayam."",""Campur tahu"",""bayam dengan telur."",""Haluskan bawang merah dan bawang putih beserta garam."",""Tumis bumbu halus."",""Masukkan adonan tahu dan masak hingga matang.""",sarapan
56,Chia Seed Yakult,644,154,3.12,0.323,0.0,0.002351,0.219,0.0,3.64,27.62,0.0,20.96,22.0,35.0,"""Makanan Penutup"",""Makanan Ringan"",""Makan Pagi""","""Mangkuk buah chia yang dibuat ekstra sehat dengan yakult.""",15 menit,.,"""10 gram chia seed"",""2 botol yakult"",""10 gram buah naga""","""Campurkan chia seed dengan Yakult."",""Diamkan selama 5-10 menit di lemari es."",""Tambahkan potongan buah naga.""",sarapan
59,Oat Cookies,101,24,0.51,0.262,0.0,2e-05,0.115,1.0,0.54,4.66,0.5,2.73,7.0,57.0,"""Makanan Ringan"",""Makanan Penutup"",""Makan Pagi""","""Kue oatmeal manis dengan sedikit kebaikan keju.""",15 menit,15 menit,"""4 kurma"",""20 gram keju cheddar"",""1 sdt ekstrak vanila"",""2 kecil pisang"",""62 g oatmeal""","""Kupas buah pisang masukan dalam mangkok hancurkan hingga halus."",""Potong kurma dan parut keju masukan dalam mangkuk hancuran pisang tadi tambahkan vanilla paste. Tambahkan oatmeal."",""Campur adonan hingga merata cetak adonan pada loyang lalu panggang adoan di oven suhu 180°C selama kurleb 15 menitan.""",sarapan
60,Bakso Ayam Oat,823,197,6.18,0.002553,0.0,0.976,0.001756,95.0,19.25,15.26,1.4,1.17,908.0,183.0,"""Makanan Pembuka"",""Hidangan Utama"",""Lauk Pauk""","""Makanan ramah anggaran dan sehat.""",15 menit,15 menit,"""200 gram dada ayam (kulit tidak dimakan)"",""1 besar telur"",""1/2 sdm minyak kelapa"",""1 sdt garam"",""3 siung bawang putih"",""5 gram daun bawang"",""1 kecil bawang merah"",""52.5 g instant oatmeal"",""10 g tepung pati jagung"",""10 g kaldu jamur"",""3 g lada putih bubuk"",""1 sdm saos tiram""","""Goreng bawang merah dg minyak kelapa hingga kering."",""Campur semua bahan dalam blender kecuali daun bawang. Tambahkan daun bawang dan bawang goreng."",""Rebus air hingga mendidih"",""kecilkan kompor. Masukkan bakso bentuk sesuai selera."",""Didihkan kembali rebus selama 10 menit"",""hingga bakso mengambang."",""Sajikan bisa di sup/dibakar.""",sarapan
65,Healthy Oatmeal Bar,393,94,3.51,0.718,0.0,0.322,0.482,0.0,2.84,13.67,0.0,2.82,17.0,46.0,"""Makanan Ringan"",""Makan Pagi""","""Tidak ada tepung"",""telur"",""atau susu.""",8 menit,20 menit,"""1 sdt ekstrak vanila"",""135 g instant oatmeal"",""60 g creamy peanut butter"",""150 g banana"",""20 g choco chips""","""Hancurkan pisang dengan garpu sampai lembut."",""Tuang bahan lain kecuali chocochips"",""aduk sampai rata."",""Masukkan choco chips"",""aduk lagi sampai rata."",""Tuang ke loyang yg sudah di alas baking paper. Panggang api bawah 180° kurang lebih 15-20 menit.""",sarapan
67,Smoothie Buah Naga,577,138,5.5,0.179,0.0,0.564,0.001639,0.0,3.43,20.28,5.1,6.94,33.0,153.0,"""Makanan Penutup"",""Makanan Ringan"",""Makan Pagi""","""Sarapan yang menyegarkan dan mengisi.""",15 menit,.,"""20 gram nanas"",""4 gram kacang almond panggang kering (tanpa tambahan garam)"",""30 gram buah naga"",""30 g pisang single"",""15 g oatmeal"",""50 ml almond breeze almond milk original"",""8 g chia seed""","""Bekukan semua buah buahan."",""Blender dengan susu dan oatmeal."",""Taburi dengan topping yang disukai seperti chia"",""almond"",""dll. dan sajikan.""",sarapan
70,Pancake Pisang,212,51,0.33,0.153,0.0,0.053,0.065,1.0,1.35,10.89,0.7,3.38,5.0,97.0,"""Makan Pagi""","""Pancake pisang termudah yang pernah ada!""",5 menit,20 menit,"""140 gram pisang"",""1/2 sdt gula pasir"",""50 gram tepung terigu putih (semua keperluan)"",""80 ml susu skim""","""Haluskan pisang"",""lalu campur dengan terigu. Aduk rata."",""Tambahkan gula dan susu secara bertahap sambil diaduk hingga rata."",""Panaskan wajan antilengket"",""tuang satu sendok sayur adonan."",""Apabila sudah muncul gelembung"",""balik adonan pancake. Tunggu hingga kedua sisi matang."",""Sajikan hangat"",""boleh ditambah madu atau topping sesuai selera.""",sarapan
73,Bolognese Wrap,1011,242,8.41,0.002799,0.0,0.889,0.0036379999999999,29.0,12.78,29.08,4.9,4.58,716.0,0.43,"""Hidangan Utama"",""Makan Pagi"",""Makan Siang""","""Sempurna untuk setiap saat sepanjang hari.""",10 menit,25 menit,"""100 gram daging sapi giling"",""200 gram wortel dimasak"",""2 siung bawang putih dimasak"",""200 gram mentimun (kupas)"",""15 g saus sambal"",""3 g lada putih bubuk"",""1 sdm saos tiram"",""3 gandum tortilla""","""Kupas timun dan wortel lalu iris memanjang. Rebus wortel dalam air yang mendidih selama 1 menit (jangan terlalu layu)."",""Cincang 2 siung bawang putih. Tumis hingga harum kemudian masukkan daging cincang"",""tambahkan saus tiram"",""saus sambal"",""garam"",""lada. Masak hingga daging matang."",""Letakkan daging cincang"",""wortel dan timun"",""susun memanjang diatas tortilla kemudian gulung."",""Panggang tortilla hingga berwarna kecoklatan. Siap disajikan.""",sarapan
80,Bungkus Salad Ayam,1598,382,15.03,0.003357,0.0,0.0049349999999999,0.005206,87.0,33.22,27.1,3.2,3.71,728.0,475.0,"""Salad dan Salad Dressing"",""Makan Pagi"",""Makan Siang""","""Makanan yang memuaskan untuk makan siang.""",15 menit,10 menit,"""100 gram dada ayam"",""1 sedang tortilla"",""50 gram selada"",""1 sdm mayones"",""30 gram wortel"",""5 g kaldu jamur""","""Bumbui ayam dengan kaldu jamur lalu panggang di wajan tanpa minyak."",""Atur semuanya di atas tortilla dan gulung."",""Panaskan bungkus dalam wajan antilengket selama 2-3 menit.""",sarapan
92,Steam Tofu Udang,321,77,3.94,0.596,0.0,0.531,0.763,105.0,8.84,2.04,0.0,0.12,578.0,0.06,"""Sup"",""Hidangan Utama"",""Lauk Pauk"",""Makan Pagi"",""Makan Siang""","""Sup hangat cocok untuk hari hujan.""",10 menit,20 menit,"""125 gram udang"",""2 sedang telur"",""2 gram minyak wijen"",""2 siung bawang putih"",""1 sdt garam laut"",""140 g egg tofu"",""3 g kaldu jamur"",""9 ml saus rasa tiram""","""Tumis bawang putih cincang pakai minyak wijen."",""Masukan udang hingga berubah warna."",""Tambahkan air secukupnya untuk membuat sup."",""Masukkan tofu hingga semua matang."",""Masukan garam saus tiram kaldu jamur."",""Masukan Kocokan telur aduk hingga berserabut. Tambahkan daun bawang (opsional).""",sarapan
95,Tuna Bruschetta,538,129,2.7,0.001086,0.0,0.302,0.425,6.0,8.67,17.41,1.7,4.25,302.0,115.0,"""Roti & Produk Panggang"",""Makan Pagi"",""Makanan Pembuka"",""Hidangan Utama""","""Sarapan simple yg high protein.""",10 menit,15 menit,"""55 gram tuna dalam air (kalengan)"",""3 irisan reguler roti multigrain"",""30 g corn kernel"",""5 g kaldu jamur"",""3 g lada putih bubuk"",""40 ml squeeze yogurt original"",""15 g mozzarella & cheddar""","""Campurkan tuna"",""yoghurt"",""kernel"",""kaldu jamur dan merica."",""Oleskan adonan tuna di atas roti multigrain."",""Letakkan potongan keju diatasnya."",""Panggang dengan airfryer selama 15 menit.""",sarapan
96,Oatmeal Goreng,1741,416,19.21,0.006213,0.0,0.006088,0.004538,212.0,14.25,50.24,0.0,10.24,0.09,0.51,"""Makan Pagi"",""Hidangan Utama""","""Penganti nasi goreng.""",10 menit,15 menit,"""1 besar telur"",""3 gram cabai merah atau rawit"",""2 siung bawang putih"",""10 gram selada air"",""1 sedang wortel bayi"",""3 kecil bawang merah"",""1 sdm minyak goreng"",""35 g instant oatmeal""","""Panaskan frypan"",""masukan minyak lalu tumis bawang merah"",""bawang putih"",""sama cabe."",""Setelah layu masukan telur tumis sampai mateng."",""Masukan wortel tumis sampai layu."",""Setelah layu masukkan oatmeal aduk sampai tercampur"",""tambahkan air sedikit agar dy bisa tercampur."",""Tambahkan selada air atau sayuran pilihan lainnya.""",sarapan
102,Salad Mentimun dengan Coleslaw,2197,525,18.06,0.003325,0.0,0.003248,0.001681,16.0,10.39,88.56,10.1,8.68,222.0,1.458,"""Salad dan Salad Dressing""","""Salad vegan yang sehat dibuat dengan bahan-bahan segar.""",15 Menit,15 Menit,"""195 gram selada kol"",""135 gram jagung rebus"",""155 gram mentimun (dengan kulit)"",""142 gram kentang rebus"",""35 g mayonnaise roasted sesame""","""Cuci semua sayuran dengan air mengalir."",""Potong sayuran sesuai keinginan."",""Rebus air hingga mendidih lalu rebus jagung dan kentang. Biarkan agak dingin."",""Campur semua sayuran dalam mangkuk dan tambahkan sisa bahan."",""Pindahkan ke mangkuk dan sajikan.""",sarapan
105,Bubur Ayam Merah,1385,331,12.76,0.004345,0.0,0.002706,0.004627,0.18,19.3,36.34,4.8,5.64,1.344,257.0,"""Hidangan Utama"",""Makan Pagi""","""Bubur ini dibuat dengan nasi merah dan topping sehat.""",10 Menit,20 Menit,"""30 gram dada ayam rebus (kulit tidak dimakan)"",""1 kecil telur"",""100 gram nasi merah"",""1 gelas kaldu ayam"",""10 gram daun bawang"",""10 gram kacang sangrai kering (dengan garam)"",""1 sdt gula pasir"",""2 sdt fiber creme""","""Membuat telur dadar. Gulung dan potong. Sisihkan untuk digunakan nanti."",""Rebus dada ayam bersama bawang putih"",""daun salam dan garam secukupnya hingga matang. Tiriskan lalu suwir-suwir dagingnya."",""Hancurkan beras merah dan rebus dengan kaldu ayam"",""tambahkan serat creme"",""gula dan garam secukupnya."",""Tuang bubur ke dalam mangkuk. Tambahkan ayam suwir"",""kacang tanah sangrai"",""irisan telur dadar untuk topping dan taburi daun bawang.""",sarapan
115,Sup Telur Pedas,1600,382,32.01,0.011938,0.0,0.011484,0.0047779999999999,211.0,10.12,17.04,0.0,5.83,1.366,614.0,"""Lauk Pauk"",""Hidangan Utama"",""Makan Pagi"",""Makan Siang""","""Dibuat ekstra sehat dengan sayuran.""",5 Menit,10 Menit,"""2 besar telur rebus"",""1 gram kaldu jamur"",""3 sdm cabai merah atau rawit"",""1 sdt garam"",""100 gram brokoli"",""1 siung bawang putih"",""2 gelas air"",""2 kecil bawang merah"",""5 sdm minyak goreng"",""100 gram sawi hijau""","""Haluskan cabe dan bawang merah"",""bawang putih lalu tumis dengan minyak goreng."",""Lalu masukkan air"",""tunggu mendidih dan masukkan telur agar matang"",""serta garam dan kaldu jamur."",""Saat telur sudah matang"",""masukkan sayuran dan tunggu hingga matang sesuai selera.""",sarapan
117,Bubur Ayam Oatmeal,1816,434,15.94,0.003362,0.0,0.004619,0.0063209999999999,83.0,35.87,38.34,4.2,3.29,398.0,0.52,"""Hidangan Utama"",""Minuman""","""Semangkuk oatmeal gurih gandum utuh yang lezat.""",10 Menit,15 Menit,"""100 gram dada ayam"",""1 sdt minyak wijen"",""1 siung bawang putih"",""1 sdt jahe"",""1 iris daun bawang"",""20 gram sereh"",""1 kecil bawang merah"",""35 g instant oatmeal""","""Tumis baput bawang merah"",""bawang putih sereh dan jahe."",""Masukkan ayam"",""tumis sebentar."",""Tambahkan air"",""masak hingga mendidih."",""Masukkan oatmeal. Bumbui dengan garam"",""merica"",""kaldu jamur (optional)."",""Tambahkan minyak wijen."",""Masak hingga tekstur sesuai yg di inginkan."",""Taburi dengan daun bawang saat disajikan.""",sarapan
125,Salad Sayur,561,134,0.74,0.137,0.0,0.297,0.122,0.0,3.26,32.69,8.9,16.4,29.0,612.0,"""Makanan Pembuka"",""Lauk Pauk"",""Salad dan Salad Dressing"",""Makan Siang""","""Salad sayuran yang menyegarkan dengan rasa jeruk nipis yang tajam.""",10 Menit,.,"""20 gram jeruk nipis"",""1/4 mangkok"",""irisan paprika merah manis"",""2 sdm kemangi"",""1/2 mangkok"",""irisan mangga"",""1/2 mangkok"",""dicincang kale"",""10 gram bayam"",""100 gram bengkoang"",""25 gram bawang bombay""","""Potong dan iris semua bahan sesuai selera."",""Tambahkan perasan jeruk nipis."",""Tambahkan sedikit lada dan garam."",""Aduk rata.""",sarapan
126,Bakwan Sayur Teflon,904,216,6.72,0.00093,0.0,0.119,0.004817,0.0,4.4,34.6,1.4,1.87,21.0,123.0,"""Lauk Pauk"",""Makanan Ringan"",""Makan Pagi"",""Hidangan Utama""","""Bakwan sayur versi sehat.""",5 Menit,10 Menit,"""30 gram kecambah"",""22 gram wortel"",""3 gram seledri"",""7 gram daun bawang"",""55 ml air"",""1 sdm extra virgin olive oil"",""40 g tepung bakwan""","""Potong2 wortel"",""seledri n daun bawang."",""Masukan kecambah"",""wortel"",""air dan tepung bakwan. Aduk rata dan bumbui dengan garam dan merica."",""Beri teflon minyak zaitun. Panaskan minyak (jangan sampai terlalu panas)."",""Goreng hingga matang.""",sarapan
127,Green Smoothie,958,229,7.58,0.001022,0.0,4e-05,0.001516,0.0,6.94,33.68,0.0,1.22,43.0,133.0,"""Minuman"",""Makan Pagi""","""Sehat"",""rasanya luar biasa"",""dan dibuat dengan 4 bahan dalam waktu kurang dari 5 menit.""",5 Menit,.,"""50 gram celery"",""10 g pisang single"",""35 g oat"",""15 g chia seed""","""Cuci bersih dab siapkan bahan."",""Blend jadi satu."",""Serving tabur chia seed.""",sarapan
129,Omlet Bayam,397,95,4.8,0.00111,0.0,0.676,0.001294,0.14,7.04,7.55,2.6,2.2,266.0,587.0,"""Lauk Pauk"",""Makan Pagi"",""Hidangan Utama""","""Masakan simple dan mudah.""",10 Menit,15 Menit,"""3 sedang telur"",""3 gram cabai merah atau rawit"",""1 siung bawang putih"",""1 ikat bayam"",""2 kecil bawang merah"",""5 g margarin"",""2 g royco ayam""","""Pecahkan telur"",""masukan cincang bawang merah"",""bawang putih"",""cabai. Kocok."",""Setelah tercampur masukan royco secukupnya."",""Lalu masukan bayam yang sudah di ambil bagian daun nya saja."",""Siapkan pan anti lengket"",""masukan margarin sedikit saja."",""Masukan adonan omlet bayam"",""lalu masak hingga matang."",""Bolak balik adonan dan pastikan semua matang merata."",""Setelah yakin sudah matang"",""angkat dan sajikan.""",sarapan
131,Pokcoy Kuah Pedas,1454,348,14.18,0.006528,0.0,0.0022559999999999,0.003956,158.0,29.26,26.22,0.0,14.72,1.103,581.0,"""Hidangan Utama"",""Lauk Pauk"",""Makan Pagi"",""Makan Siang""","""Pakcoy pedas yang adiktif dan gurih cocok dengan hidangan apa pun.""",10 Menit,15 Menit,"""100 gram dada ayam"",""1 besar telur"",""10 gram cabai merah atau rawit"",""1/2 sdt minyak wijen"",""2 siung bawang putih"",""1/2 gelas air"",""1/2 sdt gula pasir"",""1 sejumput garam laut"",""2 kecil bawang merah"",""1 sdm kecap manis"",""100 gram pakcoy"",""15 g saus sambal"",""1 g royco ayam"",""5 ml minyak kelapa"",""1 g lada putih bubuk"",""50 gram jamur kancing"",""150 gram tahu susu""","""Rebus air dan sedikit garam"",""masukan pakcoy"",""tisirkan"",""tata dipiring."",""Tumis bawang putih dan bawang merah dengan minyak kelapa sampai sedikit layu. Masukkan butir telur ayam biarkan matang"",""dibalik baru di orak arik"",""masukkan cabai"",""tumis sampai harum."",""Masukkan ayam dan jamur kancing sampai ayam matang (berubah warna). Tambahkan garam"",""lada"",""royco"",""dan gula pasir."",""Masukkan saus sambal"",""kecap manis"",""minyak wijen"",""aduk sampai rata"",""tambahkan air sesuai selera kemudian test rasa."",""Terakhir masukkan tahu sebentar tidak usah diaduk-aduk"",""tunggu sampai air sedikit berkurang. Matikan api kompor"",""siram diatas pokcoy.""",sarapan
133,Bayam Tumis Tahu,1661,397,27.12,0.0069939999999999,0.0,0.008466,0.008683,213.0,31.87,11.82,0.0,2.99,1.069,1.187,"""Makan Siang"",""Makan Pagi"",""Hidangan Utama""","""Tumis tahu sehat ini adalah makanan menit terakhir yang bisa Anda masak dengan apa pun yang Anda miliki.""",10 Menit,15 Menit,"""1 besar telur"",""150 gram bayam"",""1 sdm minyak goreng"",""230 gram tahu"",""2 g royco ayam"",""5 gram udang rebon"",""1 sdm saos tiram""","""Tumis udang"",""lalu masukkan telur dan di orak-arik dengan minyak goreng."",""Tambahkan tahu yg sudah di hancurkan."",""Sesudah wangi"",""masukkan bayam lalu tambahkan saos tiram dan royco."",""Tunggu hingga bayam benar-benar matang."",""Siap di hidangkan.""",sarapan
135,Telor Dadar,1029,246,19.17,0.003455,0.0,0.00415,0.008615,212.0,11.04,0.0,1.4,1.44,243.0,232.0,"""Lauk Pauk"",""Makan Pagi"",""Hidangan Utama""","""Resep sederhana yang menggunakan bahan-bahan yang sudah jadi di lemari es Anda"",""ditambah lagi cara memasaknya yang sangat cepat.""",5 Menit,10 Menit,"""1 besar egg"",""50 gram chives"",""1 sdm"",""cincang scallions or spring onions"",""25 g sosis ayam"",""3 g lada putih bubuk"",""1 sdm canola oil""","""Masukkan kucai kedalam teflon yg sudah diminyaki"",""masak sampai layu."",""Kocok sosis potong dengan telor"",""masukkan bumbu dan daun bawang secukupnya."",""Tuangkan adonan telor ke atas kucai"",""masak sampai matang.""",sarapan
139,Nasi Goreng Mentega,1439,344,14.91,0.007134,0.0,0.714,0.001537,106.0,8.15,41.13,0.5,2.66,729.0,93.0,"""Hidangan Utama"",""Makan Pagi"",""Makan Siang""","""Cepat dan mudah dibuat"",""disesuaikan dengan campuran favorit anda.""",5 Menit,15 Menit,"""1 besar telur dadar atau telur orak-arik"",""1 1/2 mangkok"",""dimasak nasi putih"",""1 siung bawang putih"",""100 g mixed vegetables"",""27 g margarine""","""Tumis bawang putih cincang dengan margarine."",""Masukkan sayur campur dan diikuti dengan nasi."",""Tambahkan telur"",""orak arik"",""dan campur semuanya.""",sarapan
141,Smoothies Berry,569,136,2.13,0.001053,0.0,0.144,0.088,0.0,5.28,26.9,3.3,18.11,42.0,322.0,"""Makan Pagi"",""Makanan Ringan""","""Sarapan yang enak dan menyegarkan.""",10 Menit,.,"""100 gram mangga"",""100 gram stroberi"",""1/2 buah naga"",""200 ml skimmed milk (200ml)"",""20 g granola creations cinnamon & raisin""","""ara memasak"",""Masukkan semua bahan"",""kecuali granola dan blend."",""Tuang ke mangkuk. Tambahkan granola."",""1 anggota telah menambahkan resep ini ke b""",sarapan
145,Oseng Sawi Telur,473,113,5.15,0.001584,0.0,0.00078,0.001929,212.0,7.87,9.54,1.6,0.0,105.0,306.0,"""Makan Pagi"",""Hidangan Utama""","""Dikemas dengan protein dan serat.""",5 Menit,10 Menit,"""1 besar telur"",""1 siung bawang putih"",""1 kecil bawang merah"",""50 gram sawi hijau""","""Oseng bawang merah dan bawang putih."",""Masukkan sawi dan sedikit air."",""Tambahkan telur"",""bumbui dengan garam dan merica.""",sarapan
149,Terong Balado Rebus,1264,302,11.22,0.002235,0.0,0.004594,0.0025459999999999,0.0,17.57,44.94,13.4,12.62,849.0,1.288,"""Lauk Pauk"",""Makan Pagi"",""Makan Siang"",""Hidangan Utama""","""Sambal sambel pedas yang membuat ketagihan.""",10 Menit,15 Menit,"""50 gram cabai merah atau rawit"",""1/2 sdt garam"",""250 gram terung"",""2 siung bawang putih"",""400 ml air"",""120 gram tempe"",""3 sedang bawang merah"",""2 g terasi"",""1.75 g magic lezat""","""Haluskan semua bahan kecuali tempe dan terong."",""Tuang bumbu ke teflon dan tambahkan air secukupnya"",""tutup teflon dan rebus hingga mendidih."",""Iris terong melingkar"",""susun ke dalam teflon setelah rebusan cabai mendidih"",""jangan ditutup kambali."",""Detelah terong setengah matang"",""masukkan tempe."",""Masak hingga matang dan air surut"",""jangan lupa koreksi rasa.""",sarapan
152,Shakshuka,1184,283,0.0,0.003327,0.0,0.002024,0.004027,423.0,18.65,31.06,6.3,18.69,331.0,1.362,"""Lainnya"",""Makan Pagi"",""Makan Siang""","""Telur dengan saus tomat.""",5 Menit,10 Menit,"""2 besar telur"",""1 siung bawang putih"",""2 besar utuh tomat merah"",""1 sdm saus tomat"",""100 gram bawang bombay"",""50 gram jamur kancing""","""Kupas kulit tomat"",""lalu di cincang/blender. Cincang bawang putih dan bawang bombay"",""dan jamur champignon."",""Tumis bawang bombay dan bawang putih hingga layu"",""tambahkan jamur tumis lagi hingga jamur berubah warna"",""masukkan pure tomat"",""saos tomat dan air. Tambahkan Garam"",""lada"",""dan bumbu pilihan lainnya."",""Tambahkan telur"",""tutup pan hingga telur matang."",""Makanan siap dihidangkan.""",sarapan
153,Toast Avocado,2042,488,37.53,0.006757,0.00025,0.004889,0.022645,0.0,6.83,39.95,0.0,5.15,216.0,1.059,"""Roti & Produk Panggang"",""Makan Pagi""","""Sarapan atau camilan yang enak dan sederhana.""",10 Menit,4 Menit,"""1 irisan reguler roti gandum panggang"",""1 alpukat"",""5 g susu kental manis"",""7.5 g mentega"",""10 g palm sugar""","""Panggang roti dengan mentega."",""Keruk alpukat letakkan diatas roti."",""Taburi gula palm."",""Tuang susu kental manis.""",sarapan
154,Oat Almond Butter Cookies,193,46,2.93,0.613,0.0,0.525,0.001413,0.0,1.42,4.41,0.6,0.57,69.0,28.0,"""Makanan Ringan"",""Roti & Produk Panggang""","""Cookies sehat tinggi dan mengenyangkan.""",15 Menit,25 Menit,"""50 gram mentega almond"",""50 gram selai kacang"",""1 sdt ekstrak vanila"",""1 sdt baking soda"",""2.6 g stevia sweetener"",""15 g original yogurt"",""100 g oat"",""10 g raw cacao powder"",""20 g dark chocolate 70%""","""Blender oat menjadi tepung."",""Campur semua bahan kecuali choco chips. Aduk rata."",""Terakhir tambahkan chocochips dan dibentuk."",""Panggang di api 180°C 25menit.""",sarapan
155,Blueband Biskuit Lunak,1255,300,17.31,0.011463,0.0,0.001387,0.003999,26.0,3.56,32.54,1.9,13.82,136.0,24.0,"""Makanan Ringan"",""Makanan Penutup"",""Makan Pagi"",""Roti & Produk Panggang""","""Manis"",""lembab"",""dan lezat.""",20 Menit,18 Menit,"""1 besar telur"",""60 gram gula"",""100 gram tepung terigu putih (semua keperluan)"",""4 g tepung pati jagung"",""125 ml dark compound chocolate"",""20 g palm sugar"",""100 g cake & cookie"",""55 g tepung terigu kunci biru""","""Kocok mentega dan gula. Kemudian tambahkan telur dan aduk."",""Tambahkan tepung yang sudah diayak dan bahan lainnya. Campur dengan baik."",""Bentuk biskuit dan sebarkan di atas loyang. Panggang selama 18 menit pada suhu 180°C-190°C.""",sarapan
161,Oatbanana Cookies,1611,385,6.7,0.001123,0.0,0.0030139999999999,0.001663,0.0,13.69,71.42,11.9,12.23,3.0,666.0,"""Roti & Produk Panggang""","""Cookies pisang oat tanpa tepung.""",5 Menit,15 Menit,"""100 gram pisang"",""5 gram chia seed"",""70 gram oat""","""Penyetkan pisang sampai hancur."",""Masukan oatmeal dan chiaseed."",""Aduk lalu cetak dan panggang di suhu 200•C selama 15menit.""",sarapan
167,Tumis Pakcoy,126,30,0.62,0.144,0.0,0.261,0.082,0.0,1.22,6.2,1.6,2.86,1.456,193.0,"""Makan Pagi"",""Makan Siang""","""Hidangan sayuran sehat yang mudah.""",5 Menit,5 Menit,"""1 sdt bawang putih bubuk"",""1 sdm cabai merah atau rawit"",""1 sdt garam"",""1 gelas air"",""1/2 sdt"",""dikemas gula merah"",""200 gram pakcoy"",""0"",""5 g bawang merah goreng"",""2 g royco ayam"",""1"",""2 g lada putih bubuk""","""Masukkan semua bumbu dan air."",""Setelah mendidih masukkan sayur masak 2menit."",""Sajikan dalam wadah taburi bawang goreng.""",sarapan
168,Banana Oat Cake,1349,322,16.01,0.00412,0.0,0.0016419999999999,0.004332,124.0,14.4,32.2,5.6,8.01,272.0,282.0,"""Roti & Produk Panggang""","""Kue pisang dibuat dengan oat dan ditaburi keju.""",15 Menit,30 Menit,"""58 gram telur"",""69 gram pisang"",""20 gram kacang almond"",""1 lembar singles"",""16 g selai kacang"",""2 g classic"",""52 ml low fat high calcium rasa coklat (200ml)"",""50 g instant whole oats""","""Kocok telur menggunakan ballon wishk sampai berbusa"",""masukan kopi"",""selai"",""dan pisang yg sudah dilumatkan terlebih dahulu. Kocok sebentar."",""Masukan oat (me: diblender) dan almond cacah aduk rata. Tuang susu aduk kembali."",""Tuang ke loyang yg sdh dioles minyak"",""ratakan"",""beri topping keju slice."",""Panggang di oven yg sdh dipanaskan selama 30m.""",sarapan
173,Setup Roti Gandum,766,183,6.58,0.003305,0.0,0.161,0.424,4.0,10.4,49.99,7.9,7.06,387.0,179.0,"""Roti & Produk Panggang"",""Makan Pagi""","""Puding roti kukus.""",10 Menit,20 Menit,"""30 gram kismis"",""1 besar putih telur"",""5 gram kacang almond panggang kering (tanpa tambahan garam)"",""250 ml susu uht full cream (250ml)"",""6 g sweetener diabtx"",""350 g roti gandum""","""Campur putih telur dengan gula lalu kocok."",""Campurkan 250ml susu UHT/Low Fat lalu aduk."",""Potong roti gandum sesuai selera lalu masukan kedalam adonan basah lalu aduk dengan rata."",""Tuangkan 1/2 adonan kedalam cetakan taburkan kismis sesuai selera."",""Tuangkan sisa adonan ratakan lalu taburkan kismis & kacang Almond sesuai selera."",""Kukus 20 menit atau sampai adonan padat (tusuk dengan tusuk gigi untuk test kepadatan).""",sarapan
174,Oat Goreng Special,3397,812,15.98,0.003447,1e-05,0.004592,0.003392,239.0,40.91,146.95,40.7,74.48,1.014,4.266,"""Hidangan Utama""","""Oat goreng gurih dengan banyak topping.""",15 Menit,20 Menit,"""1 besar telur"",""14 sedang paprika merah manis"",""1 sdt bawang putih bubuk"",""13 gram cabai merah atau rawit"",""47 gram daging dada ayam (ayam pedaging)"",""47 gram brokoli"",""19 gram bawang putih"",""2 gram daun bawang"",""14 gram sawi putih"",""6 gram bawang merah"",""20 g oat"",""6 g saus tiram"",""2 g royco ayam"",""9 g lada putih bubuk"",""13 gram bawang bombay"",""2.5 g boncabe"",""5 g pilus sapi panggang""","""Pertama haluskan bawang putih"",""merah"",""cabai diberi garam dan merica."",""Bumbu yang sudah dihaluskan ditumis dan bawang bombay lalu masukan telur dan oat+ sayur²nya."",""Diaduk² lalu masukan 1sdt Saori dan bumbu royco secukupnya dan tambahkan bumbu nasi goreng sajiku sejumput aja!"",""Ayam dimasak diberi bumbu bawang putih"",""merica"",""bon cabe dan ohaiong. Lalu di panggang pake telfon sampai matang."",""Sajikan deh! Tambahkan pilus buat topping aja wkwk.""",sarapan
179,Omelet Tuna,527,126,6.37,0.001827,0.0,0.001111,0.002426,226.0,14.74,2.22,1.1,0.59,224.0,426.0,"""Makan Pagi""","""Omelet lezat dan sehat dengan tuna dan bayam.""",5 Menit,5 Menit,"""30 gram ikan tuna"",""1 besar telur"",""50 gram bayam dimasak (dari segar)""","""Letakkan bayam di teflon. Tutup teflon."",""Letakkan tuna diatas bayam."",""Tuangkan telur diatasnya. Tutup teflon."",""Balikkan dan selesai.""",sarapan
181,Pizza Oatmeal Teflon,679,162,5.7,0.001797,0.0,0.848,0.002357,13.0,7.12,21.38,2.4,2.84,334.0,38.0,"""Hidangan Utama"",""Makanan Ringan""","""Makanan ringan atau pengganti pizza junkfood.""",15 Menit,30 Menit,"""25 gram keju mozzarella"",""40 gram daging kornet"",""1 sdt"",""tumbuk oregano"",""100 g instant oatmeal"",""2 sdm saus sambal"",""1/4 sedang bawang bombay""","""Uleni oatmeal dengan sedikit air."",""Letakkan ke teflon."",""Beri saos lalu beri toping."",""Tambahkan oregano dan parutan mozzarella."",""Tunggu 30 menit dgn ditutup dan api kecil.""",sarapan
186,Oatmeal Goreng dan Omelet,1732,414,16.42,0.003434,0.0,0.005054,0.0060339999999999,217.0,16.4,57.81,9.5,12.57,1.061,819.0,"""Hidangan Utama"",""Makan Pagi"",""Makan Siang""","""Oatmeal goreng berkalori rendah dengan telur dadar dan timun.""",5 Menit,5 Menit,"""1/4 sdm minyak nabati"",""1/4 mangkok kaldu jamur"",""1 besar telur dadar"",""2 sdm cabai merah atau rawit"",""1/2 mentimun (dengan kulit)"",""2 siung bawang putih"",""1 sejumput garam laut"",""2 kecil bawang merah"",""2 sendok makan instant oatmeal"",""1/2 sedang bawang bombay""","""Sangrai oatmeal sampai kecoklatan."",""Tumis bawang merah"",""beang putih"",""cabai"",""dan bawang bombay sampai layu dan harum."",""Tuang oatmeal yg sudah di sangrai."",""Tambah air sedikit saja."",""Tambahkan garam+kaldu jamur secukupnya sambil diaduk."",""Hidangkan dengan toping telur dan mentimun.""",sarapan
188,Gulungan Salad Daging Sapi Asap,753,180,6.78,0.001065,0.0,8e-05,0.058,0.02,11.72,17.04,1.2,2.29,0.72,199.0,"""Makanan Pembuka"",""Salad dan Salad Dressing""","""Gulungan salad rendah kalori.""",5 Menit,5 Menit,"""1 sedang rice paper"",""20 gram wortel"",""20 gram mentimun (kupas)"",""30 gram selada air"",""50 g smoked beef"",""17 g keju slice""","""Celupkan rice paper ke air hangat hingga lemas & mudah dibentuk."",""Susun semua bahan di atas rice paper lalu gulung."",""Salad siap disajikan.""",sarapan
191,Mangkuk Smoothie Hijau,1176,281,14.22,0.003779,0.0,0.0015249999999999,0.006214,0.0,5.05,37.85,8.8,19.39,31.0,0.6,"""Makan Pagi""","""Smoothie hijau dengan granola dan almond.""",15 Menit,.,"""50 gram semangka"",""30 gram selada"",""80 gram apel"",""50 gram alpukat"",""50 gram blewah melon"",""4 gram kacang almond"",""20 g gourmet blend dark chocolate & banana granola""","""Blender semua bahan kecuali kacang almond dan granola."",""Sajikan ke dalam mangkok."",""Letakkan kacang dan granola sebagai topping.""",sarapan
192,Granola Homemade,1114,266,8.67,0.001212,0.0,0.001272,0.002505,0.0,6.45,42.4,11.4,12.36,3.0,51.0,"""Makanan Ringan"",""Makan Pagi""","""Granola buatan sendiri yang diisi dengan oat gulung"",""gula aren"",""madu"",""kurma"",""dan kacang tanah.""",15 Menit,10 Menit,"""75 gram dry roasted unsalted peanuts"",""1 1/2 tbsps honey"",""2 sdt extra virgin olive oil"",""400 g havermout rolled oat"",""45 g kurma"",""75 g gula aren""","""Sangrai rolled oat"",""kacang tanah hingga kecoklatan."",""Masukkan bahan2 untuk saus"",""olive oil"",""gula aren"",""madu"",""kurma."",""Campur dengan rata siap di sajikan dengan susu atau yogurt.""",sarapan
194,Chocolate Oatmeal Bars,328,78,3.32,0.001398,0.0,0.476,0.001364,0.0,1.26,12.03,1.1,5.51,24.0,37.0,"""Makanan Ringan""","""Mudah membuat cokelat batangan""",10 Menit,10 Menit,"""128 gram coklat manis atau gelap"",""1 sdt ekstrak vanila"",""125 gram kismis (tanpa biji)"",""14 reguler/biasa marshmallow"",""5 sdm mentega"",""256 g rolled oats""","""Dalam panci besar"",""lelehkan chocolate chip"",""mentega ringan"",""dan marshmallow dengan api kecil"",""aduk hingga lembut."",""Hapus dari panas; agak dingin. Aduk vanilla. Aduk oat dan sisa bahan."",""Teteskan satu sendok makan bulat ke atas kertas lilin dan bentuk menjadi lingkaran atau batang. Tutup dan dinginkan 2 sampai 3 jam. Diamkan pada suhu kamar sekitar 15 menit sebelum disajikan. Simpan tertutup rapat di lemari es. Menghasilkan sekitar 3 lusin."",""6 anggota telah menambahkan resep ini ke buku m""",sarapan
195,Bola Energi Oatmeal,575,138,8.93,0.003283,0.0,0.00015,0.00025,0.0,4.8,12.03,1.6,4.93,62.0,2.0,"""Makanan Ringan""","""Cemilan sehat di bawah 150 kalori.""",30 Menit,.,"""1 sdm madu"",""80 g creamy peanut butter"",""1/2 gelas kering rolled oats"",""25 g dark chocolate 70%""","""Campurkan semua bahan dalam mangkuk kecil dan aduk hingga tercampur rata."",""Dinginkan di lemari es selama 30 menit."",""Gunakan sendok atau sendok makan untuk membagi campuran menjadi 6 bola secara merata. Gunakan tangan Anda untuk membentuk bola. Nikmati sekarang dan simpan sisanya untuk nanti dengan menyimpannya dalam wadah tertutup di lemari es hingga 1 minggu.""",sarapan
202,Pancake Labu Sederhana,162,39,1.3,0.457,0.002,0.181,0.505,52.0,1.47,6.33,0.2,1.08,2.0,175.0,"""Makanan Ringan""","""Pancake labu kalori rendah.""",5 Menit,10 Menit,"""3 besar kuning telur"",""600 gram labu"",""5"",""2 g stevia sweetener"",""30 g tepung tapioka"",""30 g segitiga biru""","""Kukus Labu Kuning dan haluskan dg garpu sampe hancur."",""Masukkan Tepung Terigu"",""Tapioka"",""Kuning Telur dan Stevia."",""Panggang tanpa minyak di atas teflon dg api kecil per 1 sdm munjung"",""dibalik sampe matang merata.""",sarapan
203,Yogurt dan Chia Bowl,2594,620,32.13,0.004226,0.0,0.023499,0.00218,3.0,20.4,69.11,39.4,17.51,66.0,0.35,"""Makan Pagi""","""Mudah membuat mangkuk sarapan.""",10 Menit,.,"""100 gram chia seed"",""1 buah naga"",""80 g blueberry yoghurt""","""Potong dadu buah naga."",""Siram dengan yoghurt."",""Taruh chia seed diatasnya.""",sarapan
209,Papaya Yogurt with Almonds,879,210,3.17,0.694,0.0,0.654,0.001661,3.0,5.52,42.68,5.8,31.08,45.0,567.0,"""Makan Pagi""","""Sarapan bergizi cepat dan mudah!""",5 Menit,5 Menit,"""1 mangkok"",""potong dadu pepaya"",""5 gram kacang almond"",""1 sdm madu"",""71 ml yogurt plain""","""Potong pepaya menjadi ukuran yang lebih kecil"",""kemudian sisihkan."",""Cincang almond menjadi ukuran yang lebih kecil."",""Masukkan yogurt ke dalam mangkok."",""Tambahkan pepaya dan almond yang sudah dipotong."",""Tambahkan juga madu"",""jika ingin lebih manis.""",sarapan
212,Bubur Manis Oat,782,187,4.34,0.001459,0.0,0.001167,0.001006,0.0,3.18,34.09,5.7,13.5,166.0,8.0,"""Makan Pagi""","""Bubur oat dengan biji chia dan serat creme.""",2 Menit,10 Menit,"""5 gram chia seed"",""1 gelas air"",""1 sejumput garam laut"",""1 sdt fiber creme"",""21 g oat"",""1 ml sweetener"",""15 g gula aren""","""Masukan semua bahan dalam wajan."",""Tambahkan daun pandan agar wangi."",""Aduk hingga bubur mengental."",""Bubur siap di ajukan."",""Tambahkan sejumput chia seed untuk hiasan.""",sarapan
213,Salad Roll,766,183,7.64,0.003741,0.0,0.088,6e-05,0.02,15.18,14.96,1.2,0.0,1.008,265.0,"""Makanan Ringan"",""Salad dan Salad Dressing"",""Makanan Pembuka""","""Gulungan salad sehat yang bisa Anda makan saat bepergian.""",5 Menit,5 Menit,"""1 sedang rice paper"",""20 gram wortel"",""20 gram mentimun (kupas)"",""50 gram selada air"",""20 g cheddar cheese"",""50 g smoked beef""","""Rendam rice paper ke dalam air hangat sebentar."",""Setelah rice paper lemas & mudah dibentuk"",""masukkan bahan2"",""lalu lipat/gulung."",""Makan!""",sarapan
218,Smoothie Coklat Pisang,1172,280,3.97,0.001213,0.0,0.0015329999999999,0.00039,0.0,5.85,60.42,12.3,27.23,11.0,724.0,"""Makanan Pembuka""","""Pisang coklat bubuk dan topping.""",5 Menit,5 Menit,"""200 gram pisang"",""5 gram chia seed"",""10 g mueslix harvest fruit"",""10 g coklat bubuk""","""Pisang bekuin."",""Blender sama bubuk coklat."",""Kasih taburan topping.""",sarapan
219,Snack Oat,108,26,1.08,0.136,0.0,0.204,0.692,0.0,0.73,3.44,0.5,0.58,2.0,24.0,"""Makanan Ringan""","""Camilan rendah kalori dengan pisang"",""gandum"",""dan almond.""",10 Menit,25 Menit,"""1 besar putih telur"",""130 gram pisang"",""25 gram kacang almond panggang kering (tanpa tambahan garam)"",""100 g quick cooking oatmeal"",""1 sdm extra virgin olive oil""","""Lumatkan pisang."",""Masukkan putih telur kedalam pisang yg dilumatkan."",""Aduk dan campurkan semua bahan kedalam pisang (oat"",""almond"",""olive oil)."",""Bagi menjadi 30 bagian (10gr)."",""Panggang 20 menit (suhu 180)."",""Dingingkan"",""siap disantap."",""4 anggota telah menambahka""",sarapan
220,Salad,1987,475,26.49,0.006394,0.0,0.002697,0.004456,228.0,10.37,55.72,6.5,40.82,7.305,666.0,"""Saus dan Bumbu"",""Salad dan Salad Dressing"",""Hidangan Utama""","""Salad dengan topping telur.""",30 Menit,30 Menit,"""jus dari 1 jeruk nipis"",""50 gram tomat"",""50 gram selada"",""30 gram jamur dimasak (lemak ditambahkan dalam masakan)"",""50 gram bawang bombay dimasak"",""50 gram telur ceplok"",""4 sdt"",""tumbuk oregano"",""1 sdm garam"",""50 gram mentimun (kupas)"",""2 sdm madu"",""1 sdm olive oil"",""3 g lada putih bubuk""","""Cuci semua bahan untuk salad."",""Kupas dan potong tipis bawang bombay lalu tumis dengan sedikit minyak dan garam secukupnya."",""Potong potong tipis jamur lalu tumis dengan sedikit minyak dan garam secukupnya."",""Kupas mentimun lalu buang bijinya dan potong kecil kecil."",""Buang biji tomat dan potong kecil kecil."",""Keringkan selada dan potong sesuai selera."",""Ceplok telur dengan sedikit minyak dan beri garam secukupnya."",""Untuk dressingnya : Campurkan air jeruk nipis"",""madu"",""garam"",""merica"",""oregano"",""dan olive oil.""",sarapan
222,Salad Selada Nanas Tomat Cerry,975,233,19.43,0.001914,0.0,0.001578,0.009901,0.0,2.17,14.16,2.1,6.04,23.0,0.25,"""Salad dan Salad Dressing""","""Salad segar diisi dengan tomat ceri"",""nanas dan selada.""",30 Menit,.,"""1 iris jeruk nipis"",""1/4 sdt bubuk cabai"",""50 gram nanas"",""50 gram selada daun hijau"",""1 sdm minyak zaitun ekstra virgin"",""4 tomat anggur"",""20 ml saus siram wijen sangrai""","""Cuci bersih selada"",""tomat"",""nanas."",""Rendam dlm air garam selama 15-20 menit."",""Bilas bahan tersebut dengan air bersih"",""potong2 sesuai selera."",""Keringkan dengan pengering sayuran."",""Campur rata smua bahan salad dressing (kewpie saus siram wijen sangrai+minyak zaitun+sari kurma+bawang putih bubuk+cabe bubuk (optional)+perasan air jeruk nipis."",""Siram salad dressing ke salad yg telah disajikan"",""aduk2"",""siap utk disantap.""",sarapan
228,Pancake Naga,1397,334,9.35,0.0021,0.0,0.001846,0.00347,217.0,17.07,48.64,4.7,16.99,72.0,472.0,"""Makan Pagi"",""Hidangan Utama""","""Pancake dengan campuran buah naga.""",10 Menit,.,"""1 besar telur"",""4 sendok makan instant oatmeal"",""1 buah naga"",""35 g susu""","""Blender semua bahan jadi satu."",""Panggang di atas teflon jadi beberapa bagian."",""Angkat dan kasih toping naga.""",sarapan
229,Bolu Pisang Oat Kukus,191,46,1.06,0.296,0.0,0.207,0.364,17.0,1.51,8.25,0.0,2.65,126.0,82.0,"""Roti & Produk Panggang""","""Bolu kukus dari pisang dan oat.""",10 Menit,45 Menit,"""1 sedang telur"",""2 sedang pisang"",""1 sdt baking soda"",""6 sendok makan instant oatmeal"",""5 g keju cheddar""","""Blender oat agak halus."",""Campur telor dan oat yang sudah d blender beserta baking powder."",""Haluskan pisang."",""Tuang pisang yang sudah halus ke adonan."",""Siapkan loyang dan Kukusan."",""Kukus kurang lebih 30menit."",""Sajikan.""",sarapan
231,Tumis Sawi Putih,1100,263,15.78,0.005645,0.0,0.0049299999999999,0.0029809999999999,212.0,10.08,22.48,1.7,10.46,3.083,454.0,"""Makan Pagi""","""Hidangan sayuran yang mudah dan lezat.""",10 Menit,10 Menit,"""1 besar telur"",""1 sdt cabai merah atau rawit"",""1 sdt garam"",""4 siung bawang putih"",""200 gram sawi putih"",""1 sdt gula pasir"",""2 tomat ceri"",""1 sdm minyak goreng"",""1/4 sdm kecap manis"",""2 g royco ayam"",""35 gram bawang bombay""","""Potong Potong Sawi Putih Kemudian Cuci Bersih."",""Iris tipis2 bawang putih dan bawang bombay"",""iris serong cabai merah"",""iris tomat menjadi dua bagian."",""Panaskan minyak"",""lalu tumis bawang putih dan bawang bombay. Setelah harum masukkan telur dan orak-arik"",""tambahkan 250ml air"",""setelah mendidih tambahkan kol"",""cabai dan tomat"",""aduk rata. Tambahkan gula"",""garam"",""kecap & royco."",""Koreksi rasa"",""tunggu sampai matang.""",sarapan
236,Orange Smoothie,782,187,0.75,0.0001,0.0,0.252,0.076,0.0,2.39,47.88,7.2,34.14,73.0,666.0,"""Minuman""","""Smoothie yang menyegarkan dengan apel"",""nanas"",""dan wortel.""",10 Menit,.,"""1 kecil jeruk keprok"",""1 sedang apel (tanpa kulit)"",""100 gram nanas"",""100 gram wortel"",""1/2 gelas air""","""Kupas semua buah2an"",""cuci bersih lalu potong2"",""kecuali jeruk"",""peras airnya."",""Siapkan blender"",""masukan semua buah yg sudah di potong kecil2"",""lalu air perasan jeruk"",""tambahkan air dan es batu secukupnya."",""Blender semua buah kurleb 2-3menit sampai halus sempurna. Siap dinikmati.""",sarapan
240,Cookies Oatmeal,146,35,2.65,0.437,0.0,0.001278,0.244,0.0,1.93,9.82,1.6,1.34,3.0,49.0,"""Makanan Penutup"",""Makanan Ringan""","""Kue sehat dengan kacang kenari dan pisang.""",10 Menit,15 Menit,"""35 gram kenari"",""1/2 sdt kayu manis"",""135 gram pisang"",""135 g oatmeal""","""Haluskan pisang."",""Masukkan semua bahan"",""aduk sampai tercampur rata."",""Beratnya sekitar 24-25gr per porsi"",""hasilnya 13 cookie. Bulatkan lalu ratakan."",""Panggang dengan suhu 175° selama 12-15 menit.""",sarapan
241,Sayur Tumis Sawi Telur,544,130,7.25,0.002783,0.0,0.568,0.922,93.0,4.66,13.25,2.6,5.31,57.0,361.0,"""Hidangan Utama"",""Makan Pagi"",""Makan Siang""","""Makan siang ringan yang lezat dengan banyak sayuran.""",5 Menit,15 Menit,"""1 sedang telur"",""2 sdt cabai merah atau rawit"",""1 kecil wortel"",""1 siung bawang putih"",""1/2 utuh sedang tomat merah"",""80 gram sawi putih"",""2 kecil bawang merah"",""1 sendok makan minyak goreng""","""Iris bawang"",""cabai"",""tomat"",""sawi"",""wortel."",""Panaskan minyak."",""Tumis bawang"",""cabai."",""Masukkan wortel dan tomat."",""Tumis hingga empuk"",""tambahkan bumbu sesuai selera."",""Masukkan sawi."",""Tambahkan sedikit air. Masak sampai matang.""",sarapan
242,Bubur Oat,1728,413,14.16,0.00297,0.0,0.00311,0.0047859999999999,83.0,35.49,0.0,5.6,9.62,809.0,978.0,"""Makan Pagi""","""Oat gurih yang sehat dengan sayuran.""",10 Menit,7 Menit,"""100 g dada ayam"",""100 g bawang bombay dimasak"",""100 g wortel"",""100 g oatmeal"",""100 g sawi hijau""","""Tumis bawang bombay sampai harum dengan minyak kelapa."",""Setelah harum"",""masukan sedikit air."",""Masukkan ayam"",""lalu sawi dn terakhir wortel."",""Setelah topping agak layu"",""masukkan oat nya kurang lebih 3-5menit ( bila air diatas habis"",""boleh ditambah untuk metebus oatnya. Sedikit saja ya)."",""Tambahkan sedikit garam. Koreksi rasa.""",sarapan
249,Yellow Smoothies,335,80,0.26,0.046,0.0,6e-05,0.071,0.0,0.7,0.0,3.3,15.17,4.0,204.0,"""Minuman"",""Makan Pagi""","""Campuran buah pir"",""mentimun"",""dan mangga yang menyegarkan.""",20 Menit,10 Menit,"""100 gram mangga"",""150 gram buah pir"",""50 gram mentimun (dengan kulit)"",""130 gram air""","""Masukkan semua bahan ke dalam blender."",""Tambahkan air lalu Blender semua bahan sampai halus."",""Siap disajikan.""",sarapan
251,Telur Kukus,962,230,12.5,0.004889,0.0,0.505,0.005267,55.0,22.64,5.56,1.4,2.27,347.0,417.0,"""Lauk Pauk"",""Makan Pagi"",""Makan Siang""","""Telur kukus rendah karbohidrat dan tinggi protein dengan daging sapi dan kacang hijau.""",15 Menit,45 Menit,"""63 gram daging sapi"",""1 1/2 besar putih telur"",""12 gram buncis"",""29 gram wortel"",""11 gram daun bawang""","""Iris cincang wortel"",""daun bawang"",""serta buncis. Sisihkan."",""Kocok putih telur dengan pengocok telur hingga berbusa."",""Masukan wortel"",""daun bawang"",""buncis yang telah diiris cincang serta daging sapi yang dipotong kecil-kecil ke dalam kocokan putih telur. Tambahkan garam"",""merica"",""dan penyedap. Aduk hingga rata."",""Masukan adonan ke dalam wadah anti panas"",""lalu kukus selama 30 menit."",""Setelah 30 menit angkat lalu tiriskan.""",sarapan
252,Bubur Oatmeal Asin,933,223,7.99,0.001785,2e-05,0.001825,0.0026469999999999,118.0,12.26,27.49,4.2,1.34,1.549,228.0,"""Makan Pagi""","""Bagi mereka yang ingin membumbui sarapan oatmeal biasa mereka.""",5 Menit,15 Menit,"""1 irisan tipis ayam"",""1/2 besar telur rebus"",""1/4 mangkok jamur dimasak (lemak tidak ditambahkan dalam masakan)"",""1/2 sdt garam"",""1/2 sdm seledri"",""1 sdm"",""cincang daun bawang (loncang)"",""1/4 sosis ayam"",""0"",""5 g royco ayam"",""35 g instant oatmeal grain"",""0"",""75 g lada putih bubuk""","""Nyalakan kompor."",""Masukkan oatmeal ke teflon dan tambahkan air panas"",""aduk jangan sampai terlalu encer."",""Tambahkan garam"",""lada"",""daun bawang"",""dan penyedap rasa"",""aduk."",""Hias bubur dengan topping."",""Koreksi rasa"",""jika sudah pas"",""tuang ke mangkuk."",""Tambahkan air lagi sedikit demi sedikit sambil diaduk sampai tekstur seperti bubur."",""Selamat menikmati.""",sarapan
258,Mini Pancakes,1477,353,8.04,0.002009,0.0,0.0010149999999999,0.0019199999999999,186.0,10.92,62.77,4.3,27.06,64.0,618.0,"""Makan Pagi""","""Pancake mini enak yang terbuat dari oats dan pisang!""",5 Menit,20 Menit,"""1 sedang telur"",""1/2 buah kiwi"",""120 gram pisang"",""1 gram biji wijen kering utuh"",""1/2 sdm madu"",""30 g oats""","""Blender oat"",""pisang"",""telur"",""bp sampai halus."",""Panggang adonan sedikit-sedikit (pakai sendok teh) pada teflon anti lengket tanpa menambahkan minyak/margarin. Gunakan api kecil."",""Balik adonan saat timbul gelembung pada pancake."",""Sajikan dengan toping madu"",""wijen"",""dan buah.""",sarapan
266,Manggo Sticky Oats,1096,262,8.26,0.006353,0.0,0.618,0.956,0.0,2.82,48.62,9.4,16.03,316.0,155.0,"""Makan Pagi"",""Makanan Penutup""","""Makanan penutup yang berasal dari Thailand"",""dibuat dengan oatmeal sebagai pengganti nasi ketan.""",3 Menit,5 Menit,"""95 gram mango"",""1/2 tsp sugar"",""2 sejumput salt"",""50 ml water"",""100 ml water"",""6 sdt fiber creme"",""6 g tepung pati jagung"",""20 g quick cook oatmeal""","""Kupas mangga terlebih dahulu lalu tata kedalam piring."",""Selanjutnya masak oats dengan 200ml air"",""tambahkan garam secukupnya lalu masak hingga air menyusut. Taruh kedalam piring."",""Setelah itu buat saus dengan memanaskan 50ml air"",""tambahkan 6 sdt fibercrem lalu aduk hingga merata."",""Tambahkan sedikit garam dan 1/2 sdt gula"",""aduk kembali lalu tambahkan 1/2 sdm tepung maizena."",""Aduk hingha rata dan mengental."",""Siramkan diatas mangga dan oats yang telah di tata."",""Selesai.""",sarapan
273,Nasi Goreng Oatmeal,1406,336,12.31,0.001991,0.0,0.004707,0.004416,0.0,7.7,53.09,7.1,15.92,1.656,419.0,"""Hidangan Utama""","""Versi rendah gula tanpa nasi.""",15 Menit,20 Menit,"""1 sdm margarin"",""1/2 sdt garam"",""50 gram buncis"",""50 gram wortel"",""1/2 daun bawang"",""100 ml air"",""1 1/2 sdt bawang putih cincang"",""4 sendok makan instant oatmeal"",""1/2 takaran lada putih bubuk"",""1 sdm kecap manis""","""Cincang bawang putih dan potong sayuran yang telah dicuci."",""Panaskan teflon lalu masukan margarin hingga mencair."",""Tumis baput cincang hingga harum."",""Masukan air"",""disusul dengan sayuran."",""Tumis sayuran hingga setengah matang lalu masukan daun bawang dan oatmeal."",""Terakhir masukan bumbu seperti kecap"",""garam"",""dan lada.""",sarapan
277,Ayam Crispy Oatmil,1190,284,16.06,0.003996,0.0,0.00149,0.002595,148.0,20.48,14.82,1.7,0.5,1.432,242.0,"""Lauk Pauk""","""Ayam goreng crunchy dilapisi oatmeal.""",5 Menit,5 Menit,"""100 gram dada ayam"",""1 besar telur"",""1 sdm bubuk cabai"",""1 sdt"",""tumbuk oregano"",""1 sdt garam"",""1 sdm olive oil"",""2 sdm oat""","""Slice dada ayam ketebalan sesuai selera lalu bumbui dada ayam dgn garam dan bubuk cabai (optional)."",""Kocok telur."",""Tuang quacker oat ke dalam mangkuk lalu bumbui lg dgn bubuk cabai"",""garlic powder"",""dan oregano."",""Tuang sedikit olive oil ke teflon klo bisa (anti lengket) yg sudah dipanaskan."",""Lumuri dada ayam dengan telur lalu balurkan ke oat yg sudah dibumbui. Panggang di dalam teflon dgn api sedang."",""Angkat ayam jika sudah kecoklatan.""",sarapan
279,Roti Tawar,561,134,3.34,0.795,0.0,0.796,0.778,26.0,4.17,21.25,1.4,2.56,61.0,0.09,"""Roti & Produk Panggang""","""Roti tawar terbuat dari campuran tepung"",""telur"",""margarin"",""gula dan susu bubuk.""",1 Jam,30 Menit,"""1 besar telur"",""3 1/2 gram ragi"",""20 gram margarin"",""1 sejumput garam"",""120 ml air"",""20 gram gula bubuk"",""180 gram tepung terigu putih (semua keperluan)"",""30 g susu bubuk full cream""","""Campurkan semua bahan kecuali margarin dan garam."",""Setelah bahan tercampur"",""masukan margarin dan aduk hingga semua bahan tercampur dan adonan menjadi kalis."",""Istirahatkan adonan selama 1 jam"",""biarkan hingga adonan mengembang 2 kali lipat dari ukuran semula."",""Panggan adonan menggunakan oven selama 30 menit dengan suhu 180°C."",""Setelah roti matang"",""oleskan margarin pada roti selagi hangat."",""Roti siap disajikan.""",sarapan
280,Sup Sehat,234,56,2.92,0.869,0.025,0.494,0.0010869999999999,159.0,4.53,0.0,0.8,0.81,163.0,132.0,"""Makanan Pembuka"",""Sup"",""Hidangan Utama"",""Lauk Pauk"",""Makan Pagi"",""Makan Siang""","""Perpaduan sayur dan lauk kaya gizi.""",20 Menit,10 Menit,"""20 telur puyuh"",""100 gram buncis"",""50 gram brokoli"",""100 gram wortel"",""5 siung bawang putih"",""5 gram daun bawang"",""30 gram jamur putih (ditumis)"",""1 g lada putih bubuk"",""3 sosis ayam"",""50 gram kaldu jamur""","""Potong2 semua bahan sesuai selera."",""Rebus telur puyuh dan kupas."",""Rebus 750mL air."",""Geprek bawang putih dan masukkan k air yang telah mendidih."",""Masukkan wortel"",""buncis"",""brokoli ke dalam air."",""Biarkan 1/2 lunak dan masukkan sosis"",""jamur"",""telur puyuh."",""Bumbui dengan kaldu jamur dan lada putih. Koreksi rasa (bisa d tambahkan gula"",""garam"",""dll sesuai keinginan. Kalori perlu d tambahkn untuk modifikasi)."",""Tambahkan irisan bawang daun (saya pakai yang putih) dan siap d hidangkan.""",sarapan
282,Salad Ayam,1573,376,13.98,0.003077,0.0,0.002506,0.00357,0.05,22.51,41.93,4.5,5.11,594.0,701.0,"""Makanan Pembuka"",""Hidangan Utama"",""Salad dan Salad Dressing"",""Lainnya"",""Makan Siang""","""Salad dengan ayam"",""jagung dan kentang.""",10 Menit,30 Menit,"""60 gram chicken breast"",""2 mangkok"",""parut atau cincang lettuce"",""90 gram cooked corn"",""1/2 sendok makan light mayonnaise"",""50 gram boiled potato""","""Bumbui ayam dengan garam merica"",""panggang."",""Kukus jagung"",""kentang."",""Potong n cuci lettuce."",""Campur smuanya."",""Pakein mayo / salad dressing.""",sarapan
283,Bolu Cup,247,59,1.3,0.464,0.0,0.145,0.00034,37.0,1.87,9.88,0.2,4.88,46.0,19.0,"""Roti & Produk Panggang"",""Makanan Penutup"",""Makanan Ringan"",""Lainnya"",""Makan Pagi""","""Cupcake 4 bahan mudah.""",15 Menit,45 Menit,"""220 gram telur"",""120 gram gula pasir"",""150 gram tepung terigu putih (semua keperluan)"",""50 g keju serbaguna""","""Kocok telur dan gula hingga mengembang."",""Tambahkan tepung sedikit demi sedikit."",""Masukkan ke cup."",""Taburin keju."",""Panggang dg suhu 200 C selama 30 menit.""",sarapan
285,Kue Muesli,328,78,1.8,0.195,0.0,0.086,0.239,27.0,2.08,13.85,1.5,7.64,15.0,12.0,"""Roti & Produk Panggang"",""Makanan Ringan"",""Makanan Penutup"",""Makan Pagi""","""Sehat dan mudah dibuat.""",10 Menit,20 Menit,"""1 sedang telur"",""2 sdm madu"",""100 g tropical muesli""","""Campur semua bahan."",""Bentuk kue dan sebarkan di atas loyang."",""Panggang dalam oven selama 20 menit dengan suhu 170°C.""",sarapan
286,Sup Baso Ikan,295,70,1.26,0.263,0.0,0.382,0.405,31.0,6.9,7.47,0.4,0.24,1.371,0.17,"""Sup"",""Lauk Pauk"",""Makan Pagi"",""Makan Siang""","""Bola ikan super lezat dan sup sayuran.""",10 Menit,30 Menit,"""7 1/2 gram kaldu jamur"",""1 sdt garam"",""1 gram minyak wijen"",""2 gram daun bawang"",""20 gram sawi putih"",""1 gelas air"",""117 gram bakso ikan"",""20 gram sawi hijau""","""Siapkan bahan"",""masak air sampai mendidih."",""Tambhan minyak wijen"",""kaldu dan garam"",""cicipi rasa."",""Masukan baso"",""tekakhir masukan sayuran"",""siapkan wadah""",sarapan
291,Oseng Tahu,967,231,18.41,0.003108,0.0,0.005033,0.006201,0.0,10.84,8.76,1.6,2.46,402.0,258.0,"""Hidangan Utama"",""Lauk Pauk"",""Makan Pagi"",""Makan Siang""","""Ini makanan favorit buatan.""",5 Menit,10 Menit,"""43 gram bawang bombay dimasak"",""1 sejumput lada hitam"",""1 sdm minyak wijen"",""1 sdm saus tiram"",""51 gram kubis"",""9 gram daun bawang"",""1 sejumput garam laut"",""250 gram tahu"",""1 sdm minyak jagung""","""Iris bawang bombay"",""daun bawang"",""kubis sesuai selera."",""Siapkan wajan anti lengket"",""beri corn oil lalu masukkan daun bawang tumis hingga harum."",""Setelah itu masukkan bombay"",""tumis hingga harum."",""Kecilkan api"",""masukkan tahu lalu lancurkan. Oseng hingga air tahu mengering."",""Tambahkan minyak wijen"",""saus tiram"",""lada"",""garam oseng hingga tercampur rata selama 75 detik."",""""",sarapan
293,Nasi Goreng,864,206,7.51,0.001086,0.0,0.003145,0.002845,0.0,4.09,31.29,3.8,9.22,664.0,323.0,"""Hidangan Utama"",""Makan Pagi"",""Makan Siang""","""Makanan sehat.""",5 Menit,15 Menit,"""92 gram kecambah"",""1 sdm minyak wijen"",""1 sdm saus tiram"",""62 gram kubis"",""100 gram wortel"",""60 gram nasi merah (butir-sedang"",""dimasak)"",""60 gram nasi putih (butir-sedang"",""dimasak)"",""2 sdm saus sambal""","""Tulis wortel selama 1 menit"",""lalu masukkan gubis tumis kembali."",""Masukkan nasi"",""tumis hingga rata lalu masukkan kecambah."",""Tambahkan saus sambal"",""saus tiram"",""minyak wijen.""",sarapan
301,Oat Pisang,680,162,3.89,0.132,0.0,0.086,0.038,0.0,2.28,32.95,0.0,14.43,31.0,422.0,"""Roti & Produk Panggang"",""Makanan Ringan"",""Makanan Penutup"",""Makan Pagi""","""Manis"",""kenyal dan nikmat.""",10 Menit,.,"""2 sedang pisang"",""8 g mentega"",""100 g oatmeal""","""Hancurkan pisang."",""Tambahkan oatmeal dan mentega cair dan aduk rata."",""Bentuk kue dan letakkan di atas loyang. Panggang selama 20 menit pada suhu 180°C.""",sarapan
302,Brownies Oat,659,158,8.67,0.001059,0.0,0.001406,0.0032719999999999,23.0,2.16,18.53,2.7,10.48,13.0,101.0,"""Makanan Penutup"",""Makanan Ringan"",""Roti & Produk Panggang"",""Makan Pagi""","""Kaya"",""lembab"",""dan manis.""",20 Menit,20 Menit,"""2 sedang telur"",""20 gram cocoa powder (unsweetened)"",""130 gram brown sugar"",""100 g instant oatmeal"",""63 ml minyak kanola"",""20 g fiber creme"",""10 g tepung pati jagung"",""104 ml dark compound chocolate""","""Lelehkan dark chocolate dengan minyak. Menyisihkan."",""Campur bahan yang tersisa."",""Terakhir"",""tambahkan campuran cokelat leleh. Campur dengan baik."",""Tempatkan adonan ke dalam cetakan dan hiasi sesuai keinginan. Panggang selama 20 menit pada suhu 180°C.""",sarapan
303,Muffins Pisang,473,113,0.9,0.211,0.0,0.249,0.387,0.0,7.86,19.5,2.2,8.37,101.0,126.0,"""Makanan Ringan"",""Makanan Penutup"",""Roti & Produk Panggang"",""Makan Pagi""","""Resepnya enak"",""mudah dibuat dan sedikit manis.""",15 Menit,20 Menit,"""1 besar putih telur"",""2 gram kayu manis"",""1 sdt ekstrak vanila"",""1 sedang pisang"",""1 gram baking soda"",""1 sdm madu"",""1 bungkus stevia sweetener"",""1 scoop impact whey isolate"",""1/2 gelas kering rolled oats""","""Pisahkan telur dan kocok putih telurnya."",""Hancurkan pisang lalu tambahkan putih telur"",""vanila"",""dan madu. Campur dengan baik."",""Aduk sisa bahan dan aduk rata."",""Bagi menjadi cangkir muffin dan hiasi sesuai keinginan. Kukus selama 20 menit.""",sarapan
304,Kue Chiffon,758,181,9.88,0.004353,0.0,0.002576,0.002161,112.0,5.67,17.28,0.2,10.63,73.0,52.0,"""Roti & Produk Panggang"",""Makanan Penutup"",""Makanan Ringan"",""Makan Pagi""","""Kue lembut yang dibuat dari bahan sederhana.""",20 Menit,55 Menit,"""80 gram keju cheddar"",""6 besar putih telur"",""6 besar kuning telur"",""70 ml air"",""125 gram gula pasir"",""100 gram tepung terigu putih (semua keperluan)"",""70 ml minyak goreng""","""Kocok putih telur dengan 100 gr gula hingga kaku."",""Di wadah lain"",""kocok kuning telur dengan 25 gr gula hingga berbusa. Kemudian tambahkan air dan minyak"",""aduk rata. Terakhir"",""tambahkan tepung dan aduk."",""Campurkan 2 campuran dan tempatkan dalam loyang kue. Hiasi keju cheddar di atasnya."",""Panggang dalam oven dengan suhu 160°C selama 50-55 menit."",""Tunggu dingin baru keluarkan dari loyang.""",sarapan
307,Banana Oatmeal Pancake,504,120,4.11,0.594,0.0,0.758,0.002401,0.0,3.22,18.8,2.3,3.66,14.0,119.0,"""Makanan Ringan"",""Makan Pagi""","""Pancake oatmeal pisang sederhana"",""untuk sarapan pagi.""",10 Menit,15 Menit,"""1 besar putih telur"",""2 sdt minyak zaitun"",""1 sedang pisang"",""50 ml air"",""70 g oatmeal""","""Masukan pisang"",""oatmeal"",""dan air ke dalam blender."",""Blender hingga halus"",""kemudian pindah ke dalam mangkuk dan masukan putih telur kemudian di kocok dengan menggunakan sendok hingga tercampur rata."",""Masak dengan menggunakan teflon dan beri minyak zaitun"",""masak hingga matang.""",sarapan
308,Pancake Oat,849,203,1.07,0.246,0.0,0.015,0.114,2.0,14.69,28.83,0.0,1.76,178.0,199.0,"""Makan Pagi""","""Sarapan sehat yang enak.""",5 Menit,5 Menit,"""20 g susu rendah lemak"",""100 g putih telur"",""35 g gandum""","""Panaskan pan dengan api sedang"",""jika dikira sudah panas kecilkan api."",""Campur rata semua bahan-bahan"",""jika mau tambahkan sweetener untuk pengganti gula jika ingin manis jika tidak juga gapapa."",""Jika sudah tercampur rata semua bahan"",""tuang adonan ke pan yang sudah dipanaskan ingat dengan api kecil"",""tunggu sampai matang. Pancake oat siap di hidangkan. Bisa di tambahkan topping tapi yang sehat.""",sarapan
310,Tumis Oatmeal Dengan Sayur,1142,273,0.5,8e-05,0.0,0.242,0.026,0.0,7.1,59.94,19.9,7.15,2.441,605.0,"""Makan Pagi""","""Oatmeal yang dimasak dengan sayur dengan ditumis.""",10 Menit,15 Menit,"""1 sejumput lada"",""1 sdt garam"",""1 mangkok"",""dicincang wortel"",""15 gram bawang daun"",""1 mangkok bayam"",""14 g bawang merah"",""3 g bawang putih"",""53 g oatmeal""","""Sangrai oatmeal"",""kurang lebih 5 menit"",""sampai tercium bau dan tekstur nya lebih garing. Sisihkan."",""Tumis Bawang merah"",""bawang putih"",""bawang daun sampai harum"",""masukkan garam dan lada putih"",""tambah air 1/4 cangkir. masak kurang lebih 5 menit."",""Pada saat sayur matang"",""masukkan oatmeal yang sudah disangrai tadi. Kalau kental masukkan air secukupnya sampai air terserap semuanya. Hidangkan.""",sarapan
311,Sup Labu Energi,1042,249,0.8,0.563,0.0,0.083,0.189,5.0,14.29,52.28,2.8,19.3,108.0,2.093,"""Sup"",""Makan Pagi"",""Makan Siang""","""Bagus untuk sarapan. Cocok untuk diet karena tinggi serat dan rendah lemak.""",10 Menit,30 Menit,"""1 gelas susu tanpa lemak"",""500 gram labu kuning"",""10 gram tepung""","""Potong labu hingga berbentuk bulan sabit seperti semangka potong"",""kulit dan biji jangan dulu dikupas. Kukus hingga setengah matang +/- 10 menit. Tujuan agar labu cukup empuk untuk diblender."",""Keluarkan labu dari kukusan biarkan sebentar agar dingin. Lalu kupas kulit dan buang bijinya. Potong dadu dan blender (bisa ditambah air secukupnya)."",""Labu yang sudah diblender"",""lalu tuang ke panci. Lalu masak dengan api kecil-sedang. Perlahan tambahkan susu (kekentalan tergantung selera). Terus tambahkan 1 sdm tepung maizena untuk mengentalkan sup. Penyajian bisa dimakan selagi hangat atau dingin (simpan di kulkas dulu).""",sarapan
313,Sup Pembakar Lemak,202,48,0.85,0.0001799999999999,0.0,0.00037,0.305,0.0,2.27,9.66,3.1,4.89,0.06,445.0,"""Sup"",""Makan Pagi"",""Makan Siang""","""Sup sayur tanpa garam"",""gula dan bumbu masak. Rendah kalori"",""meningkatkan pembakaran kalori.""",10 Menit,15 Menit,"""2 mangkok kembang kol"",""1 sedang paprika"",""3 utuh sedang tomat"",""2 ons bawang bombay""","""Potong semua bahan."",""Rebus air sampai mendidih."",""Masukan dan tunggu 5 - 10 menit atau sampai masak.""",sarapan
